Playlist_ID;Playlist_Name;Track_Count
PLlaRaNmyhOUXqxCIjE6uR1Kv_OXnC8xdW;Relaxation Ambient;0
PLlaRaNmyhOUX4djKMeVLL-kASYJr_c7ea;Space Ambient2;0
PLlaRaNmyhOUWDAQ_LsmOspSPy5_vh44pH;Space Ambient;0
PLlaRaNmyhOUVvwa4aNBiu4RdB2JvZp6mx;Void;0
PLlaRaNmyhOUV9vxieu-WK0y_ct6WnnBG1;FEED THE VOID;0
PLlaRaNmyhOUX1o1tLuw-2gU6fpxEMqj_u;Park Hangs;0
PLlaRaNmyhOUXXLuQmfX80bd8mRin15U9l;Cyberpunk 2077;0
PLlaRaNmyhOUWOevqwn_Lm66JGTGgo15y-;Synthwave Surfers;0
PLlaRaNmyhOUWTjihNql4e-2zIo0fgg-Mj;Dreamy Synths;0
PLlaRaNmyhOUUnzbK8dNMMdDivuRJoBjq2;Lofi HipHop Chill & Study;0
PLlaRaNmyhOUXC9e5g0vih5xq1mEXhZ0BY;Cyberpunk 2024;0
PLlaRaNmyhOUVPvz78Iod8lHO7h1yMRvl6;Hades Into the Abyss;0
PLlaRaNmyhOUVwMSFWpg2eXp5mvOzwIkAr;Deep Relaxation;0
PLlaRaNmyhOUXCCGNoc3c84JNECiEhAlXa;Meditation;0
PLlaRaNmyhOUWns0yloGo6YheC5gCl83XK;Dark Ambient Horror;0
PLlaRaNmyhOUUcVgpHDHJ2PqxjtFA9c7BT;Japanese Garden Ambience;0
PLlaRaNmyhOUUPs-8zMFAaZuVjpf7bK7eL;Attack On Titan Ambience;0
PLlaRaNmyhOUWoq6VCPbh9LHJDPRBqcJa7;Intergalactic Sound Design;0
PLlaRaNmyhOUUU5gjLEig7RTYRaJg53VoE;For Exoplanets Ambient Soundscapes;0
PLlaRaNmyhOUWzCrwgjypastmGmDBzxBWe;Cinematic Indie Rock;0
PLlaRaNmyhOUWE_jx-lYfdQITdWpqSsFK3;Dance 2023;0
PLlaRaNmyhOUX21F5LAH3p5cuXLAqZqlKW;Top Trending Electronic;0
PLlaRaNmyhOUUszDA6Zhh4rFoJCL7c-_S_;Future Star Indie Pop;0
PLlaRaNmyhOUWjbYOLVO3ZycF67SVqEH1i;BRIT Awards 2024;0
PLlaRaNmyhOUUYyV2_vOViyYPl3V_4gBe0;Ambient Synthwave Spacewave;0
PLlaRaNmyhOUUYrJJD5PidmxXJVQkus4OU;This Is Johnny Lloyd;0
PLlaRaNmyhOUVJj_yAQqG3Tsyv4gQ_Ie8W;Lofi Hip Hop 2024 Top 100;0
PLlaRaNmyhOUUYyFo2r6lrffaNv75yCxrY;unknown4;0
PLlaRaNmyhOUV1wz4yW9q-GSguaO8CiHGK;Red Axes vs Moscoman;0
PLlaRaNmyhOUWWRTolvmA_5gs4JGj_V3Ji;AquaphoraKelela Mix;0
PLlaRaNmyhOUUGt2en4zCPYwi1VCQM34ZM;HVOB Further Future;0
PLlaRaNmyhOUXAMXC3IXra0-uML3CnorWX;Hard Harder Hardst x Club Vaag;0
PLlaRaNmyhOUVxcMvwMWEEdwswWlBz2IEh;Calvi on the Rocks 2019;0
PLlaRaNmyhOUVyXF7RS1J6do-tQRU047by;Bon Entendeur Independante Gardin;0
PLlaRaNmyhOUX0LLJZYuT4egaBVBiee_9K;RADIO VELOURS;0
PLlaRaNmyhOUUebyKFxpUlomtr22bAuWUH;Jubel Nora En Pure Klingande;0
PLlaRaNmyhOUWb0qUTJPenyg_bjX50To5j;Lava Lamp;0
PLlaRaNmyhOUVVFuwM7Do0t3-ANNjdfxPi;Huoratron;0
PLlaRaNmyhOUVEkNihlfNAk_HiMuLtqwOe;Last30 09 10;0
PLlaRaNmyhOUWAvDf998Rx5apdp0_K2onv;Stay Shore;0
PLlaRaNmyhOUXiaJJnqugr1zaP_R-BfRP1;Hayden James Rufus Gorgon;0
PLlaRaNmyhOUW0StnMMJFC4d4I7rlEOAZg;aufnahme wiedergabe 2020;0
PLlaRaNmyhOUVV1Gl7UGjDDSowcxpVXc8U;Cigarettes Indie Rock;0
PLlaRaNmyhOUVuSly92Xi5F-X9HQETv4KN;unknown1;0
PLlaRaNmyhOUX0_293XRh8D0Jo9nTl833W;Flume;0
PLlaRaNmyhOUX8lMF4qk1Ck_lNE7xZG5QD;TerrorMasta Radio;0
PLlaRaNmyhOUWEEpepMpxYAwWidJkxtrqe;Sub Low;0
PLlaRaNmyhOUWkCAW11rzE4Wx-0GW9xe9Y;Jazz;0
PLlaRaNmyhOUWIsHQS3BVxq6SeY_ga06RY;Ambient, which I like;0
